Actor,Desc,MovieID,Release,Thumbnail,Title,Keywords,Year
逢沢はるか,大人気熟女AV女優、逢沢はるかちゃんと希咲あやちゃんがレズ\u0026乱交プレイ! 2人して照れつつも、お互いのカラダをスリスリ、チュッチュしつつ堪能しちゃう。お互いに敏感なところを触りあい感じまくったら男優登場! 2人の大好物肉棒に上下のお口で味わう痴態!　大人気女優2人の競演だけに興奮度も2倍〜〜!,031817_501,2017-03-18,http://www.1pondo.tv/moviepages/031817_501/images/str.jpg,レズビアン大乱交〜逢沢はるか\u0026希咲あや〜,"AV女優,熟女/人妻,痴女,巨乳,美乳,手コキ,69,乱交,中出し,生ハメ・生姦,クンニ,1080p,60fps",2017
双葉みお,キレイなお姉さん、双葉みおは体も極上! 黒レースのセクシーな下着姿で登場した双葉みおにいきなり濃厚ベロチュー! プルプルオッパイも同時に攻めればキスに応えるのと喘ぎ声で大忙し! オモチャの同時使いでびしょびしょにさせられた後は攻守交替し、ヨダレをだらだら垂らしながらのフェラ＆パイズリで男優も悶絶! みおちゃんの極上ボディを使った濃厚セックス、これは勃起間違いなし!,031717_500,2017-03-16,http://www.1pondo.tv/moviepages/031717_500/images/str.jpg,グラマラス 双葉みお,"AV女優,美脚,痴女,美尻,巨乳,美乳,マングリ返し,パイズリ,中出し,生ハメ・生姦,バイブ,フェラ,1080p,60fps",2017
星川ういか,エキゾチック美人、星川ういかちゃんの本気すぎる汗まみれ汁まみれの本気セックス! 冒頭から攻守入り乱れ、オッパイを攻められればすぐに男優の乳首を攻め、マンコを攻められればグイグイ本気のフェラやアナル攻めで男優を快楽地獄に落としいれる! 男優の攻めも気持ちよすぎて大量潮吹き、終始アヘ声が響く汗だく本気セックス、ヌキどころ満載です!,031617_499,2017-03-14,http://www.1pondo.tv/moviepages/031617_499/images/str.jpg,汗まみれ！汁まみれ！,"AV女優,美脚,パイパン,痴女,美尻,スレンダー,潮吹き,中出し,生ハメ・生姦,クンニ,フェラ,1080p",2017
折原ほのか,爆乳美女折原ほのかちゃんが本音とプライベートを赤裸々に告白! 車内でのインタビューではAV女優としての仕事を始めたきっかけや、その巨乳の成長などの知られざる事柄について告白。Hカップという爆乳については高校2年になるまで知らなかったことなど、ファンとしては見逃せない姿を余すところ無く見せてくれます!\r\n「男優をイジめてみたい」とのことだったので、目隠しされた男優をほのかちゃんに差し出してみればおっとりした顔立ちに似合わずかなり攻めてくれる、ほのかちゃんの赤裸々な姿、お見逃し無く!,031117_497,2017-03-11,http://www.1pondo.tv/moviepages/031117_497/images/str.jpg,はだかの履歴書 折原ほのか,"AV女優,巨乳,69,オナニー,中出し,生ハメ・生姦,フェラ,1080p,60fps",2017
水島にな,オモチャでしかイったことないという水島になちゃん。早速イってるところを見せてもらおうとおもちゃを渡すとノリノリでしてくれる。フェラを頼めば隅々まで舐めてくれ、生で騎乗位で突っ込まれたら初!マジイキしてくれるになちゃん。イキたてオマンコから中出しされた精液がドロッと垂れるところ、は興奮必須!\r\n,031017_496,2017-03-10,http://www.1pondo.tv/moviepages/031017_496/images/str.jpg,ときめき〜イかせてほしいんです！〜,"AV女優,美脚,スレンダー,美乳,潮吹き,中出し,生ハメ・生姦,バイブ,フェラ,1080p,60fps",2017
白川さや,エキゾチックな顔立ちの白川さやちゃんの素のセックスを大公開! 現在美容部員として働いていて、将来の夢は女性をキレイにしていきたいというさやちゃん。初めてを思い出しながらチンポをスリスリしたり、フェラをしてもらえば玉まで吸っちゃう、さすが大好物はたんぱく質というだけあってかなりのエロさが期待できます! ドアップでヌレヌレのオマンコ接写、太い肉棒に突っ込まれれば糸引くほど淫乱汁たらしちゃうさやちゃん、是非その淫乱さを目に焼き付けてください!,030817_495,2017-03-08,http://www.1pondo.tv/moviepages/030817_495/images/str.jpg,モデルコレクション 白川さや,"AV女優,美脚,痴女,美尻,中出し,生ハメ・生姦,フェラ,1080p,60fps",2017
田代マリ,むっちり巨乳の田代マリちゃんと完全主観バーチャルセックス! せっかくのデートに今日も遅刻しちゃった俺。絶対怒られると思ったからマカロンをお土産に買って献上すると、甘いもの好きのマリはすぐ可愛い笑顔をこぼす。 早速おうちデート、することといったらやっぱりセックス!ってことで、ベッドに寝転がってくつろぐマリの巨乳をまさぐると、すぐに乳首をピンピンにおったてたエッチなオッパイが登場! 一緒にシャワーを浴びると、いっぱい作った泡々で遊ぶマリだけど、やっぱりエッチな方向に･･･マリの重量感たっぷりな巨乳で挟んでもらったり、口でも、オマンコにも遊ばれちゃう俺の肉棒、今日もアツいデート、できました!,030717_494,2017-03-07,http://www.1pondo.tv/moviepages/030717_494/images/str.jpg,ときめき 〜抱き心地よさそうなムッチリ巨乳〜,"AV女優,美脚,痴女,美尻,巨乳,パイズリ,中出し,生ハメ・生姦,フェラ,1080p,60fps",2017
千野くるみ,OLに扮した千野くるみちゃんが職場で同僚とマジファック! 気がつけば2人っきりのオフィス。こっそりやれば大丈夫と説得され、ブラウスをはだけさせられ爽やか水色ブラをずらすとプックリ乳首がお目見え! 指や舌でクリクリされ、マンコに指を突っ込めばすぐびしょびしょで喘ぎ声が止まらない! はじめはこっそり･･･って話だったのに、ぶっとい肉棒突っ込まれたら派手に中出しキめちゃったオフィスファック、興奮必須です!,030417_493,2017-03-04,http://www.1pondo.tv/moviepages/030417_493/images/str.jpg,働きウーマン 〜業務中にヤられる美人OL〜,"AV女優,美脚,OL,美尻,中出し,生ハメ・生姦,クンニ,フェラ,1080p,60fps",2017
今村加奈子,色白微乳美人、今村加奈子ちゃんと禁断の制服プレイ! まずは体操服＆ブルマで可愛いオッパイとお尻を撫で回す。緊張しているのか控えめな喘ぎ声。赤い縄で縛ってクリトリスに電マを当てると「ダメー」と言いつつマジイキ! ピンクのオマンコをびしょびしょにしつつガンガン突いてもらう加奈子ちゃん、マジカワです!\r\n,030317_492,2017-03-03,http://www.1pondo.tv/moviepages/030317_492/images/str.jpg,制服美女〜今村加奈子が潮吹きイキまくり！〜,"AV女優,微乳,ブルマ,口内発射,制服,ロリ,スレンダー,潮吹き,フェラ,1080p,60fps",2017
双葉みお,とにかくキレイなお姉さんの双葉みおちゃんがソープ嬢に扮しておもてなし! 早速チョコレートの口移しから始まり、ドレスからこぼれそうなオッパイを本当にこぼしてチンポにスリスリ。お風呂でも全身を擦り合わせながらキレイにしてくれ、終始可愛い笑顔なみおちゃんに男優もメロメロ〜! 生で突っ込めば本気でヨがってくれるエロエロみおちゃん、お見逃し無く!,030117_491,2017-03-01,http://www.1pondo.tv/moviepages/030117_491/images/str.jpg,双葉みお〜泡姫の告白 120分スペシャル版〜,"AV女優,美脚,美尻,中出し,生ハメ・生姦,クンニ,フェラ,VIP,1080p,60fps",2017
臼井さと美,ホームヘルパーに扮した臼井さと美が通常業務以上の業務に笑顔でお答え! 今日訪問したお宅では、甘えん坊な男性がお待ちかね。体調が悪いので薬を口移しで･･･とねだられたら笑顔でやっちゃう神対応。いつもお世話になってるお礼にとマッサージ器をプレゼントされたら、男性の思うままに触らせちゃう。ピンク乳首のオッパイ\u0026オマンコを披露し全身を使ってご奉仕しちゃう臼井さと美ちゃん、彼女の淫乱さをお見逃し無く!\r\n,022817_490,2017-02-28,http://www.1pondo.tv/moviepages/022817_490/images/str.jpg,ホームヘルパーは痴熟女！,"AV女優,美脚,熟女/人妻,痴女,スレンダー,中出し,生ハメ・生姦,フェラ,1080p,60fps",2017
加藤ツバキ,撮影の合間の待ち時間が長く退屈してしまっているツバキちゃん。同じ部屋で待機している男優の目の前で着替えの手伝いをさせたりと、誘惑ジャブを繰り返す。今度は潮吹きが苦手で今の内に解してほしいと大股開きし、指を入れてもらってる間も自分で腰を振り、衣装が汚れちゃうからと言い訳して下半身はスッポンポン! 一回イカせてもらったらスイッチ入っちゃって本番までまっしぐらになっちゃう淫乱ツバキちゃん、必見です!,022517_489,2017-02-25,http://www.1pondo.tv/moviepages/022517_489/images/str.jpg,声を殺してヤるSEXはいつもより刺激的！,"AV女優,熟女/人妻,痴女,中出し,生ハメ・生姦,フェラ,超VIP,1080p,60fps",2017
姫川ゆうな,某人気子役にそっくりと話題の姫川ゆうなちゃんの素のセックス! 冒頭インタビューでは15年続けていたバレエについて語り、そのカラダの柔かさを披露! 思う存分「姫川ゆうなちゃんとは」の予備知識を入れた後、早速普段のオナニーを見せてもらうことに。ゆうなちゃんのイメージピッタリの下着からピンク色の乳首を出し自分でコリコリ。パンツもずらしてこれまたピンクなオマンコに指2本ツッこんでイジイジ。責める番になってもそのロリ顔とは裏腹に男優を追い詰め、肉某突っ込まれたら可愛い声で喘ぎまくっちゃう背徳感満載セックス!\r\n,022417_488,2017-02-24,http://www.1pondo.tv/moviepages/022417_488/images/str.jpg,モデルコレクション 姫川ゆうな,"AV女優,美脚,モデル系,ロリ,美尻,スレンダー,オナニー,中出し,生ハメ・生姦,フェラ,1080p,60fps",2017
越川アメリ,「素の姿に密着」という名目で自宅に上がりこみ、越川アメリちゃんの素の姿を暴いちゃおう! 撮影場所までのお迎えって言いつつ、着いた場所はアメリちゃんの自宅。慌てるアメリちゃんだけど、ゴリ押しで普段の家での性欲処理方法や宝(自前の下着)探しなどグイグイ攻めちゃう撮影陣。早速見つけた青い下着に着替えてもらい、これまた見つけちゃったローターでオナニー要求。戸惑いつつも興奮で超巨大になったクリトリスにローターをあてて、豪快に潮まで吹いちゃうアメリちゃん。いつもはリラックスしている場所であろう自宅のソファでハメれば、興奮でクリトリスがさらに存在を主張しちゃう!? このクリトリスは是非アップでご覧ください!,022217_487,2017-02-22,http://www.1pondo.tv/moviepages/022217_487/images/str.jpg,越川アメリちゃんの家にお邪魔してヤッちゃいました！,"AV女優,微乳,エプロン,美脚,モデル系,痴女,口内発射,ロリ,美尻,スレンダー,潮吹き,中出し,生ハメ・生姦,1080p,60fps",2017
桜井りか,俺の可愛い嫁、りかは可愛いけどとにかくエロイ! 今朝も優しく起こしてくれると思いきや、ちんぽをおっきさせちゃう。キッチンに立つりかを見ると、ミニスカートに隠れた桃尻が俺を呼んでる気がしてサワサワ。裸エプロンプレイをねだると、恥かしがりつつも既にこれから起こることへの期待で乳首はピンピン。裾から簡単に覗き込めちゃう美マンも弄ってやると、クチュクチュ音がりかのマンコから止まらず俺のチンポを咥えてはなさない! 新妻りかを甘く料理しておいしくいただいちゃう本作、お見逃し無く!,022117_486,2017-02-21,http://www.1pondo.tv/moviepages/022117_486/images/str.jpg,お尻丸出し裸エプロンセックス,"AV女優,エプロン,痴女,美尻,スレンダー,中出し,生ハメ・生姦,フェラ,1080p,60fps",2017
小高里保,黒髪ツインテールが似合う小高里保ちゃんがソープ嬢に扮してエロテク披露! 早速チンポを頬張り、亀頭を中心にナメナメ。さすが高級ソープ、隅々までしっかり感じさせてくれようとタマまでバッチリ可愛がってくれます!　色白の全身を使って体を洗ってくれたり、ローションでカラダをこすり付けてくれたりとあどけない顔してかなりの高度プレイ! ぷっくりパイパンオマンコにたっぷり中出しされて喜んじゃう里保ちゃん、必見です!,021817_485,2017-02-18,http://www.1pondo.tv/moviepages/021817_485/images/str.jpg,高級ソープへようこそ 小高里保,"AV女優,美脚,パイパン,ロリ,美尻,スレンダー,中出し,生ハメ・生姦,1080p,60fps",2017
羽田真里,小顔がチャームポイント、羽田真里ちゃんが極上のおもてなし! 毎日予約でいっぱいの真里ちゃんとのひと時が過ごせると思ったのに、嫁からの電話が鳴り止まない。放置されちゃった真里ちゃんは「私だけを見て欲しいな･･･」とドレスをめくってパンツの上からアソコをスリスリ。思わず目が釘付けになってしまうと、今度はオッパイもさらけ出しパンツをずらしてオナニーの実況中継! ジュブジュブ言わせながらのフェラ、生姦、中出しも許してくれちゃう真里ちゃんの極上のおもてなし、お見逃し無く!,021717_484,2017-02-17,http://www.1pondo.tv/moviepages/021717_484/images/str.jpg,CLUB ONE 羽田真里,"AV女優,微乳,美脚,口内発射,スレンダー,69,オナニー,中出し,生ハメ・生姦,フェラ,1080p,60fps",2017
神宮寺ナナ,ロリ顔なのにスゴいおっぱいを持つ神宮寺ナナちゃんとの完全主観デート! 今日はナナとのデート。 映画に行く予定だったのに、待ち合わせ場所に来てみればナナはおうちデートを要求。家に着いたら着いたでお風呂に誘われ、チンポを泡々にしてスリスリきれいに洗い、可愛いお口にパクリ。いつもみたいに丁寧かつエロくご奉仕してくれるナナ。やっぱり可愛い! オッパイは素朴な顔に似合わずエロさ満載。乳首が弱いらしく弄くれば可愛い喘ぎ声! テッカテカに濡れたツルマンに入れたらあまりの気持ちよさにすぐイッちゃうけど、今日もたっぷり中出しできたから、まぁいっか！,021517_483,2017-02-15,http://www.1pondo.tv/moviepages/021517_483/images/str.jpg,ときめき 〜ド助平な巨乳素人むすめ〜,"素人,パイパン,痴女,ロリ,美尻,巨乳,中出し,生ハメ・生姦,フェラ,1080p,60fps",2017
七瀬ともか,腰つきがエロい七瀬ともかちゃんが騎乗位で魅せる! 冒頭からいきなりむっちり巨尻をクネクネさせて誘い、下からTバックをずらしてマンコを舐めさせている間も腰を前後にﾌﾘﾌﾘ。顔騎、騎乗位での素股も本番もそんじょそこらのコにはまねできないレベルの超技巧的腰フリ! 騎乗位好き、お尻好きは決して見逃せない一品です!\r\n,021417_482,2017-02-14,http://www.1pondo.tv/moviepages/021417_482/images/str.jpg,うまのり痴女覚醒〜騎乗位〜,"AV女優,美脚,パイパン,痴女,美尻,スレンダー,69,中出し,生ハメ・生姦,クンニ,フェラ,1080p",2017
加藤えま,アイドル顔がキュートな加藤えまちゃんを、一本道シリーズ「はだかの履歴書」で身も心も裸にしてその魅力に迫る! エッチな質問も含めて色々聞いているけど、その手と口は絶対にちんぽから離さず、またマンコを弄られながらのインタビューも自分で大きくビラビラを開いて大公開してくれちゃう神対応が目立つえまちゃん。後半の本番で激しく突かれて顔をゆがめてよがる表情も可愛い! 加藤えまちゃんの魅力がたっぷり詰まった本作で彼女のファンになっちゃってください!,021117_481,2017-02-11,http://www.1pondo.tv/moviepages/021117_481/images/str.jpg,はだかの履歴書 加藤えま,"AV女優,美脚,口内発射,ごっくん,美尻,潮吹き,中出し,生ハメ・生姦,クンニ,フェラ,1080p,60fps",2017
星川ういか,エキゾチックな顔立ちの星川ういかちゃんを鬼のようにイカせてみました! 冒頭からいきなり生挿入!　「ちんぽ入ってるぅ〜」と早速喘ぎだし、連続で激しく挿入! 足を大きく広げられ突くと、自分でも挿入されている結合部をガン見しながらマジイキ! 何本ものちんぽとおもちゃにイカされ続け、朦朧としながらも喘ぎ続ける星川ういかちゃん、相当のスキモノです!,021017_480,2017-02-10,http://www.1pondo.tv/moviepages/021017_480/images/str.jpg,悶絶美女鬼イカセ 星川ういか,"AV女優,淫語,美脚,パイパン,痴女,美尻,スレンダー,ハード系,乱交,潮吹き,中出し,生ハメ・生姦,バイブ,フェラ,1080p,60fps",2017
AIKA,今日はAIKAとのデートの日。 でもAIKAは楽しみにしてた俺とは違って遅刻してきた。お詫びになんでも言うこと聞くっていうから、とびっこを装着させて外を散歩。頃合を見計らって家に戻り、本格的に触ってやろうと思ってマンコを弄ると、とびっこで敏感になってたせいか喘ぎ声も大きくなってきた!びっしり陰毛が生えたAIKAのマンコ、\r\n最高すぎてもう離れられないなｗ,020817_479,2017-02-08,http://www.1pondo.tv/moviepages/020817_479/images/str.jpg,ときめき 〜スレンダーボディの彼女と中出しデート〜,"AV女優,美脚,美尻,スレンダー,中出し,生ハメ・生姦,フェラ,1080p,60fps",2017
臼井さと美,スタイルの良い美白肌を持つ美人妻、臼井さと美を寝取ってやったらかなりのスケベ妻だった! 旦那が会社のお金を横領していたことが発覚し、「誠意さえ見せれば無かったことにできる」との同僚の言葉に安易に「何でもします!」というさと美。交渉成立ってことで早速旦那が見ている前で同僚数人で囲みフェラをさせたら中々の腕前のご様子。旦那にむかって大きく開脚させながらマンコを弄ると、「あなた見ないで〜」といいながらもビッショビショに濡らしてヨガるスケベ妻。旦那の目の前で結合部も開いて下から突きあげるとサーモンピンクの美マンがぱっくり開いて他人棒を受け入れ!,020717_478,2017-02-07,http://www.1pondo.tv/moviepages/020717_478/images/str.jpg,お前のカミさんやらせろ 臼井さと美,"AV女優,美脚,熟女/人妻,痴女,スレンダー,美乳,マングリ返し,69,中出し,生ハメ・生姦,バイブ,クンニ,フェラ,1080p,60fps",2017
ももき希,ふっくらほっぺとまん丸お目目が魅力のももき希ちゃんが「モデルコレクション」で素のセックスを魅せてくれます! 将来の夢は学校の先生という希ちゃん。冒頭インタビューではすでに下着をチラ見せしながら正直な受け答え。色白のおっぱいをさらけ出し乳首を弄られると甘い喘ぎ声が漏れ出し、薄く毛が生えたアソコに肉棒を入れられるとほっぺたをピンク色に染めてよがります! ,020417_477,2017-02-04,http://www.1pondo.tv/moviepages/020417_477/images/str.jpg,モデルコレクション ももき希,"AV女優,美脚,モデル系,ロリ,美尻,美乳,手コキ,69,中出し,生ハメ・生姦,クンニ,フェラ,1080p,60fps",2017
小泉まり,和服でおしゃれした小泉まりのマンコをコネスケが食レポ! まずはまりちゃんの手作り料理をレポートしようとするも、着物に隠されたむっちりお尻とチラ見せされてるうなじがおいしそうでいたずらが止まらないコネスケ。手料理の食レポもそこそこに、着物の合わせ目や裾からもちもちのおっぱい＆お尻を堪能するコネスケのテクにカラダをビクビクさせちゃうまりちゃんの美マンのお味はもちろん極上!? オトナのS級グルメの詳細は今すぐ再生ボタンをクリック!\r\n,020317_476,2017-02-03,http://www.1pondo.tv/moviepages/020317_476/images/str.jpg,突撃！隣のマンご飯！小泉まり,"AV女優,美脚,浴衣・着物,美尻,スレンダー,オナニー,中出し,生ハメ・生姦,1080p,60fps",2017
雨音わかな,酔っぱらった夫を送ってきてくれたお礼に全身おもてなししてくれるヘンタイ雨音わかな! まずはお風呂でわかなちゃんもちゃっかり一緒に入って、美乳を使ってチンポをキレイに洗い、「ベッド早く行こう〜」と誘惑。 オマンコを弄くられれば豪快な潮吹きでシーツをぬらし、日頃の欲求不満を解消するべく自分で腰を振って快楽を追及! 夫だけじゃ我慢できない淫乱妻、ここでも発見〜! ,020117_475,2017-02-01,http://www.1pondo.tv/moviepages/020117_475/images/str.jpg,お前のカミさんやらせろ 雨音わかな,"AV女優,熟女/人妻,痴女,口内発射,美乳,パイズリ,69,潮吹き,中出し,生ハメ・生姦,フェラ,1080p,60fps",2017
越川アメリ,清楚な見た目とは裏腹に、冒頭いきなりのお風呂場でのディープキスから、野獣の様に男優の乳首に吸い付くアメリちゃん。攻められる時もオナニーの手を止めずに豪快にヨガり、自分が攻める側になったら、快楽にゆがむ男優の顔を見ながらメスの顔で迫ります! 元芸能人らしく顔も体も一級品のアメリちゃん、是非アメリちゃんのピンクのオマンコから流れ出る精液と一緒に映る大きく勃起したクリトリスにも大注目です!,013117_474,2017-01-31,http://www.1pondo.tv/moviepages/013117_474/images/str.jpg,元芸能人越川アメリの失神セックス,"AV女優,モデル系,痴女,美尻,潮吹き,中出し,生ハメ・生姦,1080p,60fps",2017
水島にな,緊張した面持ちからこぼれ出る笑顔が可愛い水島になちゃんが「モデルコレクション」でその美マンを披露! 激しくオッパイを吸われるとたまらない! という顔で悶え感じちゃうになちゃん。ピンクのスジマンに電マを当てられると腰がいやらしく動いて止まりません! タマまでしっかり舐めてくれる一所懸命なフェラ、濃いめヘアーに隠されたマンコからドロっと溢れる精液など見所たくさんな一品!,012817_473,2017-01-28,http://www.1pondo.tv/moviepages/012817_473/images/str.jpg,モデルコレクション 水島にな,"AV女優,美脚,モデル系,スレンダー,美乳,潮吹き,中出し,生ハメ・生姦,フェラ,1080p,60fps",2017
江波りゅう,おわん型美乳にピンクの乳首をチラ見せしながらゴミ出しするスケベ奥さん江波りゅうが誘惑! ゴミ出し場でせっせとゴミを仕分けている江波りゅう。 ゆるゆるトップスからはおわん型美乳とピンクの乳首をこぼし、タイトなミニスカートからは赤いパンティが丸見えでどう見ても誘ってる!ってことで襲い掛かってみました! ピンクの乳首はピンピンに立ち上がり、自分からケモノの様にチンコにしゃぶりついたと思ったら「来て･･･」と誘い出し本番要求! アクロバットな体位で汗だくになるまで激しく突き、スケベ奥さん江波りゅうをメスの本性丸出しにしてみた本作、必見です!,012717_472,2017-01-27,http://www.1pondo.tv/moviepages/012717_472/images/str.jpg,朝ゴミ出しする近所の遊び好きノーブラ奥さん 江波りゅう,"AV女優,美脚,熟女/人妻,痴女,スレンダー,美乳,マングリ返し,潮吹き,中出し,生ハメ・生姦,フェラ,VIP,1080p,60fps",2017
小向美奈子,スライム乳、小向美奈子のオラオラ系S痴女、癒し系M痴女両方が楽しめる豪華版! S痴女としては焦らして焦らして男の体を弄び、攻める番になっても主導権は美奈子ちゃんにあり! M痴女としては可愛い笑顔全開で甘々声で癒しながら誘惑!　超爆乳スライム乳に完全に埋まっちゃうパイズリはまさに圧巻! アナタはオラオラ系S痴女、癒し系M痴女どちらの美奈子ちゃんが好きですか!?\r\n,012517_471,2017-01-25,http://www.1pondo.tv/moviepages/012517_471/images/str.jpg,小向美奈子 〜癒しと痴女の二面スペシャル版〜,"AV女優,美脚,熟女/人妻,痴女,巨乳,手コキ,パイズリ,69,中出し,生ハメ・生姦,クンニ,フェラ,VIP,1080p",2017
麻生希,スタイル抜群S級女優、麻生希が彼女だったら毎日こんなセックス!? ベッドでごろごろしていたらいきなり希ちゃんが「ねぇねぇ、オナニーみたい？え？お尻も？ちょっとだけだよ〜」と甘々いちゃいちゃ。ちょっとだけって言いつつミニスカからチラリと見せたお尻も興奮するにつれどんどん見せてくれる希ちゃん。Tバックをずらしてクリをいじいじして目の前でオナニーを披露し、希ちゃんから乳首やフェラをされている時もずっと見つめながらしてくれる甘々セックス。正常位や騎乗位でガンガン突かれて絶叫しながら感じる希ちゃん、後半ではなんとパイパンにされちゃう!? 完全主観で希ちゃんの魅力をご堪能ください!\r\n,012417_470,2017-01-24,http://www.1pondo.tv/moviepages/012417_470/images/str.jpg,麻生希〜完全主観スペシャル版〜,"AV女優,美脚,剃毛,モデル系,長身,パイパン,痴女,美尻,スレンダー,巨乳,69,オナニー,中出し,生ハメ・生姦,フェラ,1080p,60fps",2017
愛乃まほろ,巨乳＋甘え声が可愛すぎる愛乃まほろちゃんが制服姿で癒しを与えにやってきた! アイドル顔を持つまほろちゃんだけに、かなり制服が似合う! でも到着するなり早くまほろちゃんの体の全貌が見たくてシャツのボタンを外してもらうと、制服に隠されていた巨乳がポロリ! 上質なマシュマロオッパイが登場だ〜! 一所懸命なフェラややわらか巨乳を使ってのパイズリは圧巻! ローションを塗りたくってのスリスリプレイやバックでの生ハメで漏れ聞こえるまほろちゃんのアニメ系喘ぎ声! ヌキどころが詰まった本作お見逃し無く!,012117_469,2017-01-21,http://www.1pondo.tv/moviepages/012117_469/images/str.jpg,放課後のリフレクソロジー 愛乃まほろ,"AV女優,女子校生,制服,水着,ロリ,美尻,巨乳,コスプレ,パイズリ,中出し,生ハメ・生姦,フェラ,1080p,60fps",2017
朝桐光,Hカップの柔らか爆乳に大きな乳輪が卑猥な美月優芽ちゃんと美巨乳にクビレとスタイル抜群の朝桐光さんが男女4人乱交物語！\r\nまずは美女2人のレズビアンプレイからスタート！\r\n自慢の肉体を互いにタッチ、ディープ、指テクで刺激しあう2人。\r\n男だけではなく女のカラダも全てを知りつくしているかのようなテクニシャンぶりには驚きの一言！\r\nそして、男2人が加わりメインイベントの大乱交のスタート！\r\n最高の肉体とハイレベルなセックステクニックで男達を極楽の世界へ導く巨乳痴女達の生ハメ中出し！\r\n必見です！,012017_468,2017-01-20,http://www.1pondo.tv/moviepages/012017_468/images/str.jpg,レズビアン大乱交〜朝桐光\u0026美月優芽〜,"AV女優,レズ,美脚,痴女,美尻,巨乳,ハード系,手コキ,パイズリ,69,乱交,中出し,生ハメ・生姦,フェラ,超VIP,1080p,60fps",2017
辻ユキ,辻ユキちゃんとのエロエロ温泉旅行の模様を主観でお届け! 今日はユキと一泊で温泉に!　まだ到着もしていないけど、テンション上がっちゃってるので早速車の中でエロ行為開始! ローターをクリに押し当てるとアンアン言い出し、もうイキそう!っていう時に人が通りかかってしまい、慌ててパンツをはくユキへのいたずらは中止･･･　おあずけ食らった分お風呂で口で一発抜いてもらい、浴衣姿のユキのオマンコをスジに沿ってスリスリ! すぐにぴちゃぴちゃ音がし始め、69では攻め合い合戦!　美乳＆お尻のほうまでナチュラルヘアーが残る辻ユキちゃん、あますところ無くご覧ください!\r\n\r\n,011817_467,2017-01-18,http://www.1pondo.tv/moviepages/011817_467/images/str.jpg,ときめき 〜一泊二日の温泉デート〜,"AV女優,浴衣・着物,口内発射,美乳,69,中出し,生ハメ・生姦,フェラ,1080p,60fps",2017
宮村恋,セクシーナース姿でいつものマンネリエッチを脱却! ピンクのミニナース服で迫って、いつもより興奮させてみちゃいました。聴診器で彼の乳首をクリクリしたり、口に含んでカラダのご機嫌チェック! ジュルジュル言わせながらフェラしてると我慢できなくなったのか、早々に恋ちゃんが検診されちゃう番に! キレイなおわん型おっぱいやすべすべツルツルパイパンマンコに突っ込まれると、気持ちよすぎて腰が勝手にエッチに動いちゃいます! その他縛り＆目隠しプレイ、鏡の前でバイブをつかったオナニーにも挑戦しちゃう恋ちゃん、アナタのお気に入りプレイを探してみてください!,011717_466,2017-01-17,http://www.1pondo.tv/moviepages/011717_466/images/str.jpg,セクシーナース姿で検診プレイ,"AV女優,美脚,看護婦,パイパン,コスプレ,バイブ,クンニ,フェラ,1080p",2017
美波ゆさ,世間知らずそうな顔してエロテクはかなりの腕前の美波ゆさちゃんが似合いすぎる制服姿でご奉仕! 目覚ましがてらの即尺でのヌキ、まだリトルボーイ状態のも舌でチロチロしながら一所懸命にフェラしてくれる姿は思わず抱きしめてあげたくなる可愛さ!　体操服で乳首が透けてるところをクリクリ、ふっくらピンクのスジマンからぴちゃぴちゃ音がしちゃう卑猥なところも必見!,011417_465,2017-01-14,http://www.1pondo.tv/moviepages/011417_465/images/str.jpg,ちんぽ大好き即尺おしゃぶり 〜笑顔の可愛い制服巨乳むすめ〜,"AV女優,ブルマ,口内発射,美尻,巨乳,中出し,生ハメ・生姦,フェラ,1080p,60fps",2017
南條れいな,近所に住むスタイル抜群の奥さんがゴミ捨て場を掃除してたが、薄手の白いタンクトップから透けた乳首がツン!\r\nノーブラのオッパイをさわさわ、スカートをズリあげてレースのスケスケパンティに包まれた桃尻を露出させれば、口では「やめてください」って言う割にハァハァ、発情したメスの顔丸出し状態。立ちバックでまん丸おっぱいをもまれながら突かれると、もう抵抗はすっかり無くなり快楽を求めて自分も腰を揺らしちゃう淫乱奥さん。近所に住むおじさんとの朝っぱらからのうっかり不倫現場、目撃〜!\r\n,011317_464,2017-01-13,http://www.1pondo.tv/moviepages/011317_464/images/str.jpg,朝ゴミ出しする近所の遊び好きノーブラ奥さん 南條れいな,"AV女優,美脚,熟女/人妻,痴女,口内発射,スレンダー,美乳,潮吹き,中出し,生ハメ・生姦,クンニ,フェラ,VIP,1080p,60fps",2017
加藤朱里,ミニスカートからスラリと伸びた美脚、クネクネとお尻を振って歩く姿が色っぽい女性を街角でナンパ！\r\n部屋に持ち帰りお酒を飲まして即ハメできるかどうか検証！\r\nバッチリした大きな瞳、どことなく見る角度によってはバラエティタレントのMI○ONO似のヤリマン風の朱里ちゃん。\r\n立ち仕事の為に脚がパンパンに張っていると言うので早速、マッサージをしてあげることに。\r\nうつ伏せに寝かせてふくらはぎ、腰、背中、お尻と手を伸ばして行くがお尻を触ろうとすると\r\n「いやらしい事、考えてるんでしょっ！」とこちらの心理を読まれてしまう始末。\r\nマッサージを餌に即ハメできるかどうか！？続きは動画をご覧ください！,011117_463,2017-01-11,http://www.1pondo.tv/moviepages/011117_463/images/str.jpg,街ブラしている好きそうな素人女を即ハメする事は出来るか？！,"素人,美脚,ナンパ,痴女,ギャル,スレンダー,中出し,1080p,60fps",2017
成宮はるあ,成宮はるあちゃんを連続中出しで攻め立てる! 浴衣を着て出かけて帰ってきた玄関先で、はるあちゃんの浴衣姿に興奮して我慢できなくなったので、まずはオッパイをスリスリ!　ピッタリした浴衣で強調されてた可愛いお尻もスリスリすると、はるあちゃんもまんざらでもないらしくノリノリで答えてくれます! 玄関先での立ちバックでガンガンイかせたあとは、ソファの上で正常位でもう一発! まだまだし足りなくて到達した3発目はどの体位でイく!?　正解は今すぐ再生ボタンをクリックしてお確かめください!　,011017_462,2017-01-10,http://www.1pondo.tv/moviepages/011017_462/images/str.jpg,悩ましい和服姿の女を連続中出し！,"AV女優,浴衣・着物,痴女,美尻,巨乳,潮吹き,中出し,生ハメ・生姦,1080p",2017
双葉みお,とにかく笑顔が魅力の双葉みおちゃんが着物姿でご奉仕! 玄関先でご主人様を出迎えると早速フェラを要求されたので、即リクエストにお答え。舌をたっぷり使ってご奉仕した後は布団の上でご主人様のおチンポをオマンコに迎え入れ、たっぷり可愛がってもらうみおちゃん。そのいやらしいカラダは必見ですよぉ〜,010717_461,2017-01-07,http://www.1pondo.tv/moviepages/010717_461/images/str.jpg,ちんぽ大好き即尺おしゃぶり 〜美味しそうなカラダをした和服美人〜,"AV女優,美脚,浴衣・着物,口内発射,美尻,中出し,生ハメ・生姦,フェラ,1080p,60fps",2017
鈴木さとみ,大人気AV女優、鈴木さとみちゃんがファンに感謝の気持ちとして生ハメをプレゼント! ロリ系の顔立ちながらもGカップ美巨乳というギャップで多くのファンを持つさとみちゃん。抽選で選ばれたラッキーな素人の家に訪問し、挨拶もそこそこに早速素人のパンツを脱がせて口にパクリ! 極上ボディを見せつけ、Tバックをずらしてピンクのオマンコを指でスリスリするオナニーを見せ付けると素人君ももう限界! 憧れだったさとみちゃんのおっぱいを堪能し生でハメると、いつも画面の向こうで見ていたさとみちゃんの淫乱な姿が目の前に! 素人にも楽しくセックスを提供してくれるさとみちゃんのファン感謝祭、是非ご参加下さい!,010617_460,2017-01-06,http://www.1pondo.tv/moviepages/010617_460/images/str.jpg,鈴木さとみ 〜ファン感謝祭素人宅訪問〜,"AV女優,痴女,ロリ,美尻,巨乳,オナニー,中出し,生ハメ・生姦,フェラ,1080p,60fps",2017
椎谷愛結,おわん型おっぱいとまんまるなお尻がチャームポイントの椎谷愛結ちゃんの素を「モデルコレクション」で大公開! \r\n趣味はお菓子作りという、その辺にいる子と変わらない素の姿をインタビューでクールに答えてくれる愛結ちゃん。でも脱いだらきれいなおわん型オッパイとサーモンピンク色の乳首と、かなり当たりの良いカラダしてました! オッパイから徐々に下に下がりキスをしていき、ナチュラルヘアーを残したオマンコにローターを当てれば、かすかに喘ぎ声を漏らしていましたが、オマンコに入れて激しく突けばどんどん喘ぎ声が大きく変化! 愛結ちゃんの飾らないセックス、是非ご堪能ください!,010517_459,2017-01-05,http://www.1pondo.tv/moviepages/010517_459/images/str.jpg,モデルコレクション 椎谷愛結,"AV女優,美脚,モデル系,ロリ,美尻,巨乳,69,中出し,生ハメ・生姦,1080p,60fps",2017
舞咲みくに,美巨乳、奇跡のくびれのパーフェクトボディを持った舞咲みくにちゃんを縛って更なるエロスを開拓! 着物をしっかり着ていると思いきや、裾を乱すと下着をすっ飛ばしていきなり美マンが登場! みくにちゃんは大股開いてクリトリスをいじくり、ぷっくりマンコがヒクヒクしちゃうまで攻め続けます! 電マでクリトリスを刺激すれば大量の潮を吹いて喜んじゃうみくにちゃん。縛られた状態がお気に召したのは、気持ちよさから逃げられない様になるから!?,010417_458,2017-01-04,http://www.1pondo.tv/moviepages/010417_458/images/str.jpg,しばられたいの 〜パーフェクトボディを持つの着物美女を緊縛〜,"AV女優,美脚,浴衣・着物,美尻,スレンダー,巨乳,ハード系,潮吹き,オナニー,中出し,生ハメ・生姦,バイブ,フェラ,超VIP,1080p,60fps",2017
今村加奈子,微乳美女今村加奈子ちゃんが着物姿で乱れる! 着物の合わせ目からオッパイを手探りで探せば可愛い微乳としっかり主張している乳首が登場! 可愛い微乳をたっぷり堪能した後は、ピンクのパンティをずらしてこれまたピンクなおまんことご対面! 電マでクリトリスを攻めれば大量の潮が大放出! ガンガン突かれているのがくっきりしっかり見れる、結合部のアップ満載の今作、是非お見逃しなく!\r\n,010117_457,2017-01-01,http://www.1pondo.tv/moviepages/010117_457/images/str.jpg,着物の似合う淫乱な雌 今村加奈子,"AV女優,微乳,初裏,浴衣・着物,口内発射,ロリ,スレンダー,69,潮吹き,クンニ,フェラ,1080p,60fps",2017
希咲あや,美熟女希咲あやがフェラでご奉仕! 股の間に座って上目遣いでジュルジュル言わせながらチンポに吸い付き、激しく上下に動かしたりオッパイに擦りつけたりと、とにかくチンポへの奉仕が詰まってます! フェラ好きな方は今すぐ再生ボタンをクリック!,010117_002,2016-12-31,http://www.1pondo.tv/moviepages/010117_002/images/str.jpg,しゃぶる007〜希咲あやのゴールデンフィンガー〜,"AV女優,熟女/人妻,痴女,口内発射,巨乳,イラマチオ,フェラ,超VIP,1080p,60fps",2016
美咲結衣,美咲結衣ちゃんのフェラテクを余すところなく披露! エッチなこと大好きな結衣ちゃん、今日はエッチなことを結衣ちゃんがするといってまずは男優の口に吸い付きます!　徐々に口は下に下がり、乳首でワンストップし弄くり倒し、やっと到達したチンポを口に含んだり自分の乳首にこすりつけたりと、淫乱な面も披露! 舌や唇をしっかり使ったフェラテク、必見です!,010117_001,2016-12-31,http://www.1pondo.tv/moviepages/010117_001/images/str.jpg,しゃぶる007〜美咲結衣より愛をこめて〜,"AV女優,美脚,熟女/人妻,痴女,口内発射,美尻,巨乳,フェラ,超VIP,1080p,60fps",2016
千野くるみ,148センチというミニサイズの千野くるみちゃんの素のセックスを「モデルコレクション」で披露! パティシェになるのが夢で今はケーキ屋で勤務しているというくるみちゃん。16歳の初体験ではいきなり生姦を体験してしまったというくるみちゃんは、パンティの上から穴をつつかれても笑って楽しんでくれるエッチに寛容な子。ローターを穴に入れられると腰をビクビクさせてよがる受身な部分も見せてくれますが、一生懸命に舌を使っての丁寧なフェラでご奉仕してくれる積極的な面も! 等身大のエロスを見せてくれるくるみちゃん、必見です!,123116_456,2016-12-31,http://www.1pondo.tv/moviepages/123116_456/images/str.jpg,モデルコレクション 千野くるみ,"AV女優,美脚,モデル系,美尻,巨乳,69,中出し,生ハメ・生姦,フェラ,1080p,60fps",2016
愛乃まほろ,ふわふわ巨乳を持つ愛乃まほろちゃんがメイドになってご奉仕! ツインテールが似合うまほろちゃんに朝の挨拶と一緒にチンポまで起こしてもらう。乳首やチンポを舐めてもらい、後ろを向かせるとなんと素肌にメイドエプロンで可愛いお尻が丸見え! Tバックの隙間からマンコを攻めれば甘え声で感じてくれ、パイズリ奉仕や美尻をつかんで後ろから突いてあげるとアニメ声での喘ぎ声がノンストップになっちゃうまほろちゃん、お見逃しなく!,123016_455,2016-12-30,http://www.1pondo.tv/moviepages/123016_455/images/str.jpg,ちんぽ大好き即尺おしゃぶり〜可愛すぎる巨乳メイド〜,"AV女優,メイド,口内発射,美尻,巨乳,手コキ,パイズリ,中出し,生ハメ・生姦,フェラ,1080p,60fps",2016
結希真琴,細いのに出るとこ出てる結希真琴ちゃんが赤いエロ水着で誘惑! 大事なところは隠れるはずなのに、ちょっと動けば右からも左からも乳首がポロリ。ソファに座ればクロッチ部分も簡単にずれて既にヌレヌレなパイパンマンコが登場! 前からも後ろからもガンガン突くと漏れるような可愛い喘ぎ声! おいしそうな身体を持つ真琴ちゃん、必見です!,122916_454,2016-12-29,http://www.1pondo.tv/moviepages/122916_454/images/str.jpg,グラマラス 結希真琴,"AV女優,美脚,パイパン,巨乳,手コキ,パイズリ,中出し,生ハメ・生姦,クンニ,1080p,60fps",2016
大沢ひなの,清楚な黒髪が似合う大沢ひなのちゃんが一本道シリーズ「モデルコレクション」で素のエロスを披露! 初めてのエッチでもイけて、2回目のエッチから既に気持ちよさが感じれたというひなのちゃん。気持ち良いことにはやはり敏感らしく、パンツの上からオマンコを触られてもすぐにクチュクチュ音がして、喘ぎ声が止まらず痙攣しながらよがります!　自分が攻める番になっても男優のアナルまで舐め、正常位でガンガン突かれると絶叫しながらイっちゃうひなのちゃんは必見です!,122816_453,2016-12-28,http://www.1pondo.tv/moviepages/122816_453/images/str.jpg,モデルコレクション 大沢ひなの,"AV女優,美脚,モデル系,スレンダー,マングリ返し,69,中出し,生ハメ・生姦,バイブ,クンニ,フェラ,1080p,60fps",2016
