Movie ID,Release Date,Title,Actress,Cover
041118-639,2018-04-11,幼馴染の彼にいれて欲しくて,神田るな,https://tarimages.caribbeancom.com/images/flash/128186.jpg
041018-638,2018-04-10,風俗店のレクチャー係は最高の職業,うさぎ美優,https://tarimages.caribbeancom.com/images/flash/128276.jpg
040718-637,2018-04-07,僕の彼女が西川ちひろだったら,西川ちひろ,https://tarimages.caribbeancom.com/images/flash/128010.jpg
040618-636,2018-04-06,セクハラ巨乳上司,すみれ美香,https://tarimages.caribbeancom.com/images/flash/127584.jpg
040518-635,2018-04-05,マンコ図鑑 和登こころ,和登こころ,https://tarimages.caribbeancom.com/images/flash/127583.jpg
040418-634,2018-04-04,AV女優をあなたの自宅に宅配！8,大倉ひろみ,https://tarimages.caribbeancom.com/images/flash/127582.jpg
040318-633,2018-04-03,美微乳 清水愛梨,清水愛梨,https://tarimages.caribbeancom.com/images/flash/128009.jpg
033118-632,2018-03-31,撮影だけじゃ満足できない筋金入りのドスケベ女,小早川怜子,https://tarimages.caribbeancom.com/images/flash/127952.jpg
033018-631,2018-03-30,ぬるぬるオイルマッサージでイキまくり,如月ジュリ,https://tarimages.caribbeancom.com/images/flash/127932.jpg
032818-630,2018-03-28,THE 未公開 〜パーフェクトぱいぱいパイずり〜,真菜果,https://tarimages.caribbeancom.com/images/flash/127925.jpg
032718-629,2018-03-27,何度イっても終わらない！ 〜揺れすぎる美巨乳が恥ずかしい〜,北山かんな,https://tarimages.caribbeancom.com/images/flash/127581.jpg
032418-628,2018-03-24,恋オチ 〜激しくされた後に優しくされて濡れ濡れ〜,杉浦花音,https://tarimages.caribbeancom.com/images/flash/127804.jpg
032318-627,2018-03-23,ダイナマイト 愛葵いちか,愛葵いちか,https://tarimages.caribbeancom.com/images/flash/127803.jpg
032118-626,2018-03-21,マンコ図鑑 すみれ美香,すみれ美香,https://tarimages.caribbeancom.com/images/flash/127904.jpg
032018-625,2018-03-20,セックス依存症のやりすぎ対応,秋野千尋,https://tarimages.caribbeancom.com/images/flash/127445.jpg
031818-624,2018-03-18,脱・童貞！幸運を招く美女占い師,麻生希,https://tarimages.caribbeancom.com/images/flash/127903.jpg
031718-623,2018-03-17,ベテラン男優が教える人並み外れたテクニック,鈴南ほのか,https://tarimages.caribbeancom.com/images/flash/127801.jpg
031618-622,2018-03-16,狙われたウェイトレス 〜お店が空いた隙に、店長に後ろから…〜,碧しの,https://tarimages.caribbeancom.com/images/flash/127802.jpg
031418-621,2018-03-14,マンコ図鑑 星川ういか 希咲あや,星川ういか 希咲あや,https://tarimages.caribbeancom.com/images/flash/127799.jpg
031318-620,2018-03-13,オマンコに中出し、ごちそうさまでした,真白愛梨,https://tarimages.caribbeancom.com/images/flash/127444.jpg
031018-619,2018-03-10,極上泡姫物語 Vol.59,渋谷まなか,https://tarimages.caribbeancom.com/images/flash/127351.jpg
030918-618,2018-03-09,アナル中出し乱交ファック,白石麗奈,https://tarimages.caribbeancom.com/images/flash/127195.jpg
030718-617,2018-03-07,マンコ図鑑 速美もな,速美もな,https://tarimages.caribbeancom.com/images/flash/127621.jpg
030618-616,2018-03-06,ファンと乱交撮影会,美咲愛,https://tarimages.caribbeancom.com/images/flash/127674.jpg
030318-615,2018-03-03,ワーキングおっぱい過失乳 〜テーラー編〜,深美せりな,https://tarimages.caribbeancom.com/images/flash/127528.jpg
030218-614,2018-03-02,女優魂 〜え？今ここでやっちゃうんですか！？〜,真菜果,https://tarimages.caribbeancom.com/images/flash/127350.jpg
030118-613,2018-03-01,マンコ図鑑 西川ちひろ,西川ちひろ,https://tarimages.caribbeancom.com/images/flash/127620.jpg
022818-612,2018-02-28,憧れのAV女優とバーチャルデート,希咲あや,https://tarimages.caribbeancom.com/images/flash/127526.jpg
022718-611,2018-02-27,生チンポデッサンでムラムラしちゃいました,西川ちひろ,https://tarimages.caribbeancom.com/images/flash/127194.jpg
022418-610,2018-02-24,タイムファックバンディット 時間よ止まれ 〜配達編〜,和登こころ,https://tarimages.caribbeancom.com/images/flash/127473.jpg
022318-609,2018-02-23,速美女郎蜘蛛,速美もな,https://tarimages.caribbeancom.com/images/flash/127472.jpg
022118-608,2018-02-21,THE 未公開 〜オナニー中にチンポを差し出したらどうなっちゃうの？！ 2〜,姫川ゆうな 鈴南ほのか 夏乃ひまわり うさぎ美優,https://tarimages.caribbeancom.com/images/flash/127467.jpg
022018-607,2018-02-20,AV女優をあなたの自宅に宅配！6,渋谷ひとみ,https://tarimages.caribbeancom.com/images/flash/127471.jpg
021718-606,2018-02-17,汗だくスポーツ女子の本気セックス,星川ういか,https://tarimages.caribbeancom.com/images/flash/126991.jpg
021618-605,2018-02-16,ネトラレ 〜同棲中の彼女を寝取られた事情〜,水鳥文乃,https://tarimages.caribbeancom.com/images/flash/126989.jpg
021418-604,2018-02-14,マンコ図鑑 星川ういか,星川ういか,https://tarimages.caribbeancom.com/images/flash/127406.jpg
021318-603,2018-02-13,僕の彼女が真白愛梨だったら,真白愛梨,https://tarimages.caribbeancom.com/images/flash/127319.jpg
021118-602,2018-02-11,極上泡姫物語 Vol.58,秋野千尋,https://tarimages.caribbeancom.com/images/flash/127259.jpg
021018-601,2018-02-10,バレンタインに濡れた私のハートチョコ,大倉ひろみ,https://tarimages.caribbeancom.com/images/flash/127316.jpg
020918-600,2018-02-09,女熱大陸 File.059,すみれ美香,https://tarimages.caribbeancom.com/images/flash/127219.jpg
020718-599,2018-02-07,マンコ図鑑 大倉ひろみ,大倉ひろみ,https://tarimages.caribbeancom.com/images/flash/126834.jpg
020618-598,2018-02-06,タフなオメコに3連続中出し,麻生希,https://tarimages.caribbeancom.com/images/flash/126835.jpg
020318-597,2018-02-03,カリフレ 〜オプション無用の中出しOKリフレクソロジー〜,西川ちひろ,https://tarimages.caribbeancom.com/images/flash/126708.jpg
020218-596,2018-02-02,恋オチ 〜自信を取り戻した女の子は豹変する〜,白石麗奈,https://tarimages.caribbeancom.com/images/flash/126702.jpg
013118-595,2018-01-31,THE 未公開 〜ふわふわおっぱいで極上パイズリ〜,深美せりな,https://tarimages.caribbeancom.com/images/flash/126539.jpg
013018-594,2018-01-30,放課後に、仕込んでください 〜そんなに観られると恥ずかしい〜,鈴木理沙,https://tarimages.caribbeancom.com/images/flash/127036.jpg
012718-593,2018-01-27,白いふわふわオッパイ 〜昼下がりのSEX白書〜,折原ほのか,https://tarimages.caribbeancom.com/images/flash/126951.jpg
012618-592,2018-01-26,あまえんぼう Vol.32,愛葵いちか,https://tarimages.caribbeancom.com/images/flash/126840.jpg
012518-591,2018-01-25,マンコ図鑑 真菜果,真菜果,https://tarimages.caribbeancom.com/images/flash/126904.jpg
012418-590,2018-01-24,THE 未公開 〜ノーパンストで顔面騎乗位〜,秋野千尋,https://tarimages.caribbeancom.com/images/flash/126399.jpg
012318-589,2018-01-23,視界侵入！たちまち挿入！ 〜快楽に堕ちた白肌〜,立花瑠莉,https://tarimages.caribbeancom.com/images/flash/126836.jpg
012018-588,2018-01-20,極上泡姫物語 Vol.57,うさぎ美優,https://tarimages.caribbeancom.com/images/flash/126723.jpg
011918-587,2018-01-19,僕の彼女が如月ジュリだったら 〜主導権とチンコを握られている僕〜,如月ジュリ,https://tarimages.caribbeancom.com/images/flash/126348.jpg
011818-586,2018-01-18,優姫エレナは美しすぎるオトコの娘,優姫エレナ,https://tarimages.caribbeancom.com/images/flash/126460.jpg
011718-585,2018-01-17,マンコ図鑑 水鳥文乃,水鳥文乃,https://tarimages.caribbeancom.com/images/flash/126184.jpg
011618-584,2018-01-16,汗まみれの君を想う,星川ういか,https://tarimages.caribbeancom.com/images/flash/126183.jpg
011418-583,2018-01-14,何度イっても終わらない！ 〜開発されてない私を壊してください〜,月村ひかる,https://tarimages.caribbeancom.com/images/flash/126280.jpg
011318-582,2018-01-13,ワーキングおっぱい過失乳 〜家庭教師編〜,北山かんな,https://tarimages.caribbeancom.com/images/flash/126279.jpg
011218-581,2018-01-12,Debut Vol.46 〜可愛い微熟女！マンコは大喜び！〜,速美もな,https://tarimages.caribbeancom.com/images/flash/121828.jpg
011118-580,2018-01-11,押しに弱い美人OL,碧しの,https://tarimages.caribbeancom.com/images/flash/121827.jpg
