category,title,link
韩系,萌琪琪 – 高校美女性感诱惑,http://www.108j.club/316.html
韩系,谭晓彤 – 著名女主播谭晓彤,http://www.108j.club/314.html
韩系,林美辰 – 长腿女神的女仆诱惑,http://www.108j.club/312.html
韩系,李雅萦 – 主人的女仆制服诱惑,http://www.108j.club/309.html
韩系,李蒽熙- 上亿人心中的梦幻情人,http://www.108j.club/307.html
韩系,罗小路 – 水蛇腰极致性感写真,http://www.108j.club/305.html
韩系,曼宝宝 – 给粉丝的性感福利,http://www.108j.club/303.html
韩系,李馨诺 – 大尺度网红写真,http://www.108j.club/301.html
韩系,南晞 – 编辑推荐绝美网红,http://www.108j.club/299.html
韩系,白冰 – 外衣下隐藏的D,http://www.108j.club/297.html
韩系,郭紫洁 – 脱俗的气质性感的身体,http://www.108j.club/295.html
韩系,佳佳 – 素人美女初次写真福利,http://www.108j.club/323.html
韩系,可欣 – 神仙姐姐般绝美的面孔,http://www.108j.club/291.html
韩系,梅梅 – T台模特般高挑的身材,http://www.108j.club/289.html
韩系,孟菲菲 – 邻家姐姐的诱惑,http://www.108j.club/287.html
韩系,田晓燕 – 混血模特的写真福利,http://www.108j.club/285.html
韩系,王恩恩 – 胸前的一朵小花亮了,http://www.108j.club/283.html
韩系,张梓瑗 – 修长系窈窕女神,http://www.108j.club/281.html
韩系,小甜心CC – 纯美校花首次出镜,http://www.108j.club/279.html
韩系,颜瑜 – 名模的奢华生活,http://www.108j.club/277.html
韩系,小甜心CC – 超甜美白肌女神,http://www.108j.club/275.html
韩系,李恩熙 – 初次尝试情趣兔女郎,http://www.108j.club/247.html
韩系,颜瑜 – 获奖超模的深闺,http://www.108j.club/245.html
韩系,李蒽熙-上演公路情人,http://www.108j.club/243.html
韩系,王玥葶-蕾丝兔女郎,http://www.108j.club/241.html
韩系,Ami-外国妞无感,http://www.108j.club/237.html
韩系,陈欣-擦满乳液的美乳,http://www.108j.club/235.html
韩系,董小姐-光滑的屁股,http://www.108j.club/233.html
韩系,嘉嘉-沐浴美人,http://www.108j.club/231.html
韩系,解斯童-雪白丰满の美乳,http://www.108j.club/229.html
韩系,林诺娜-性感撩人,http://www.108j.club/227.html
韩系,林清儿-短裙小清新,http://www.108j.club/222.html
韩系,马蕊-白纱美乳,http://www.108j.club/220.html
韩系,娜依灵儿-姐妹花魅惑元宵,http://www.108j.club/218.html
韩系,蒙丽伊-时尚女性,http://www.108j.club/216.html
韩系,美佑熙 – 欧美范古典美女,http://www.108j.club/214.html
韩系,潘春春-大尺度傲人巨乳兔女郎,http://www.108j.club/211.html
韩系,静静-清纯玉女,http://www.108j.club/209.html
韩系,金金-妖娆兔女郎,http://www.108j.club/207.html
韩系,萱萱-火辣性感私房,http://www.108j.club/205.html
韩系,萱萱-性感邻家美眉,http://www.108j.club/200.html
韩系,诗朵雅-甜美牛奶,http://www.108j.club/198.html
欧美,梦瑶 – 非诚勿扰最红女嘉宾,http://www.108j.club/133.html
欧美,友熙酱 – 完美身材,http://www.108j.club/341.html
欧美,陈怡曼 – 京城第一红人模特,http://www.108j.club/131.html
欧美,顾灿 – 初脱尝试大尺度拍摄,http://www.108j.club/343.html
欧美,陈雅漫 – 逐渐成熟的身体,http://www.108j.club/129.html
欧美,孟晓艺 – 百万粉丝级胸器女神,http://www.108j.club/127.html
欧美,江心凌 – 内衣无法掩盖丰满的身体,http://www.108j.club/125.html
欧美,金刚芭比 – 女王侍寝,http://www.108j.club/123.html
欧美,叶渃樱 – 清纯女也有性感的心,http://www.108j.club/121.html
欧美,DJCC – 中国第一性感女DJ,http://www.108j.club/119.html
欧美,ELEVE – 富家女的野望,http://www.108j.club/117.html
欧美,ELEVE – 富家女的寂寞,http://www.108j.club/115.html
欧美,宫冷馨 – 知名网红闺房诱惑,http://www.108j.club/113.html
欧美,108酱 孟狐狸 – 深闺探秘,http://www.108j.club/111.html
欧美,108酱 孟狐狸 – 第一次尝试这么大的尺度,http://www.108j.club/109.html
欧美,108酱 丙丁灵儿 – 把持不住的欲望,http://www.108j.club/107.html
欧美,108酱 丙丁灵儿 – 第一视角诱惑,http://www.108j.club/105.html
欧美,108酱 凌馨馨馨馨儿 – 湿身,http://www.108j.club/103.html
欧美,108酱 陆梓琪 – S级的身体,http://www.108j.club/101.html
欧美,108酱 艾米 – 警花COS,http://www.108j.club/99.html
欧美,108酱 安梓琳 – 头等舱空姐,http://www.108j.club/97.html
欧美,108酱 大密 – 欧美野兽系SM女王,http://www.108j.club/95.html
欧美,108酱 狐仙儿 – 白富美的私人护理时间,http://www.108j.club/93.html
欧美,108酱 玛丽莲茜茜 – 大尺度私房写真,http://www.108j.club/91.html
欧美,108酱 信悦儿 – 回归自然,http://www.108j.club/89.html
欧美,108酱 游槑槑 – 不穿丝袜的OL,http://www.108j.club/87.html
欧美,108酱 颜瑜-世界旅游小姐亚军,http://www.108j.club/85.html
欧美,108酱 金雨佳 – 108酱重磅推荐S级美女(1),http://www.108j.club/83.html
欧美,108酱 金雨佳-108酱重磅推荐S级美女(2),http://www.108j.club/81.html
欧美,108酱 莫甘娜-大妞也有清新范,http://www.108j.club/66.html
欧美,108酱 陈子萱,http://www.108j.club/64.html
欧美,108酱 乐橙橙,http://www.108j.club/61.html
欧美,108酱 韩卓尔-水底唯美舞蹈,http://www.108j.club/59.html
欧美,108酱 龙晓涵 – 清纯甜美,http://www.108j.club/56.html
欧美,108酱 沈璐,http://www.108j.club/54.html
欧美,108酱 王馨漪,http://www.108j.club/52.html
欧美,108酱 王志君,http://www.108j.club/50.html
欧美,108酱 小瑞儿-情趣内衣,http://www.108j.club/48.html
欧美,108酱 Molly-性感艳舞,http://www.108j.club/46.html
欧美,108酱 Molly-艳后大尺度浴照,http://www.108j.club/44.html
欧美,108酱 冯溪-清纯学生妹,http://www.108j.club/42.html
欧美,108酱 韩子萱,http://www.108j.club/40.html
欧美,108酱 王琦芸,http://www.108j.club/37.html
欧美,108酱 李昭,http://www.108j.club/28.html
日系,涉谷由里 – 日本国民票选最性感写真女优,http://www.108j.club/452.html
日系,刘珊 – 湖南卫视变形计女主角,http://www.108j.club/450.html
日系,顾灿 – 甜美日系,http://www.108j.club/448.html
日系,于娇扬 – PEG组合于娇扬,http://www.108j.club/446.html
日系,李畅 – PEG组合李畅小清新,http://www.108j.club/444.html
日系,Regina – 成年礼写真,http://www.108j.club/442.html
日系,桐桐 – 成年礼写真,http://www.108j.club/440.html
日系,Coco – 成年礼写真,http://www.108j.club/438.html
日系,葛晓诺 – 超大尺度,http://www.108j.club/436.html
日系,李丽莎 – 凹凸有致的顶级身体,http://www.108j.club/434.html
日系,妮小妖 – 女仆黑丝诱惑,http://www.108j.club/431.html
日系,王大小姐 – 女王系女神,http://www.108j.club/429.html
日系,王思邈 – 傲人的双乳,http://www.108j.club/427.html
日系,王轶玲 – 超高级美女性感写真,http://www.108j.club/425.html
日系,王语纯 – 超高人气校花首次写真,http://www.108j.club/423.html
日系,轩轩 – 舞蹈系校花性感诱惑,http://www.108j.club/421.html
日系,伊-vera – 网络红人的真实闺房,http://www.108j.club/419.html
日系,友熙酱 – 108酱重磅推荐极热网红大尺度,http://www.108j.club/417.html
日系,慕容 – 寂寞的最高境界,http://www.108j.club/415.html
日系,张晓梵Baby – 无删减版个人写真,http://www.108j.club/413.html
日系,宝宝 – 成年礼,http://www.108j.club/411.html
日系,李娜 – 真实的女朋友,http://www.108j.club/409.html
日系,神崎沢步 – 梦幻大尺度写真,http://www.108j.club/407.html
日系,王瑶 – 娃娃脸搭配成熟的身体,http://www.108j.club/405.html
日系,羽西 – 内衣包裹不住的妙曼身材,http://www.108j.club/403.html
日系,张蓉芳 – 长发美女的初次拍摄,http://www.108j.club/401.html
日系,朱思雨 – 宁静的下午,http://www.108j.club/399.html
日系,朱溪涵 – 住在我隔壁的网红,http://www.108j.club/397.html
日系,冰冰 – 无删减版私密写真,http://www.108j.club/395.html
日系,王语纯 – 知名平模首次大尺度视频,http://www.108j.club/393.html
日系,易阳 – 胸神巨乳来袭,http://www.108j.club/391.html
日系,羽西 – 水手服校园诱惑,http://www.108j.club/389.html
日系,李恩熙 – 首次挑战情趣套装,http://www.108j.club/385.html
日系,西毛毛 – 外拍露出,http://www.108j.club/383.html
日系,欣杨 – 爆红的嫩模,http://www.108j.club/381.html
日系,杨诺依 – 极限挑逗,http://www.108j.club/379.html
日系,张欣妍 – cosplay女警,http://www.108j.club/377.html
日系,金卓然 – 可爱比基尼,http://www.108j.club/375.html
日系,郑瑞希 – 私人护士,http://www.108j.club/373.html
日系,婕西儿 – 性感热舞,http://www.108j.club/370.html
日系,邹晶晶 – 蒙面女郎,http://www.108j.club/368.html
日系,耶利米 – 小清新试演免女郎,http://www.108j.club/366.html
日系,熊葵 – 日系小清新,http://www.108j.club/364.html
日系,易阳 – 抚摸自己成熟的身体,http://www.108j.club/362.html
日系,奶瓶 – 清爽嫩妹,http://www.108j.club/360.html
日系,陈汐 – 野外裸露,http://www.108j.club/357.html
VR,雅蒂 – 多视角做您的私秘女友,http://www.108j.club/574.html
VR,金雨佳 – 完美身材废墟求生,http://www.108j.club/572.html
VR,刘珊 – 清纯女友,http://www.108j.club/569.html
VR,林美辰 – 长腿女神的神秘国度,http://www.108j.club/567.html
VR,颜瑜 – 电臀乳后,http://www.108j.club/565.html
VR,奶瓶 – 初次体验,http://www.108j.club/563.html
VR,金奕熙 – 闺房蜜诱,http://www.108j.club/561.html
VR,宝宝 – 宝宝的秘密,http://www.108j.club/559.html
VR,田小燕 – VR野外露出,http://www.108j.club/556.html
VR,王恩恩 – VR楼顶性感撩人,http://www.108j.club/554.html
VR,孙梦鑫 – VR中大胆尝试,http://www.108j.club/552.html
VR,球球 – 宾馆里的那些秘密,http://www.108j.club/550.html
